{
    "0": {
        "precision": 0.46511627906976744,
        "recall": 1.0,
        "f1-score": 0.6349206349206349,
        "support": 20.0
    },
    "1": {
        "precision": 0.8571428571428571,
        "recall": 0.9,
        "f1-score": 0.8780487804878049,
        "support": 20.0
    },
    "2": {
        "precision": 0.6086956521739131,
        "recall": 0.7,
        "f1-score": 0.6511627906976745,
        "support": 20.0
    },
    "3": {
        "precision": 1.0,
        "recall": 0.85,
        "f1-score": 0.918918918918919,
        "support": 20.0
    },
    "4": {
        "precision": 1.0,
        "recall": 0.9,
        "f1-score": 0.9473684210526315,
        "support": 20.0
    },
    "5": {
        "precision": 0.7727272727272727,
        "recall": 0.85,
        "f1-score": 0.8095238095238095,
        "support": 20.0
    },
    "6": {
        "precision": 0.7391304347826086,
        "recall": 0.85,
        "f1-score": 0.7906976744186046,
        "support": 20.0
    },
    "7": {
        "precision": 0.7727272727272727,
        "recall": 0.85,
        "f1-score": 0.8095238095238095,
        "support": 20.0
    },
    "8": {
        "precision": 1.0,
        "recall": 0.95,
        "f1-score": 0.9743589743589743,
        "support": 20.0
    },
    "9": {
        "precision": 1.0,
        "recall": 0.8,
        "f1-score": 0.8888888888888888,
        "support": 20.0
    },
    "10": {
        "precision": 0.8823529411764706,
        "recall": 0.75,
        "f1-score": 0.8108108108108109,
        "support": 20.0
    },
    "11": {
        "precision": 0.9411764705882353,
        "recall": 0.8,
        "f1-score": 0.8648648648648649,
        "support": 20.0
    },
    "12": {
        "precision": 0.85,
        "recall": 0.8947368421052632,
        "f1-score": 0.8717948717948718,
        "support": 19.0
    },
    "13": {
        "precision": 0.9473684210526315,
        "recall": 0.9473684210526315,
        "f1-score": 0.9473684210526315,
        "support": 19.0
    },
    "14": {
        "precision": 0.7727272727272727,
        "recall": 0.85,
        "f1-score": 0.8095238095238095,
        "support": 20.0
    },
    "15": {
        "precision": 0.95,
        "recall": 0.95,
        "f1-score": 0.95,
        "support": 20.0
    },
    "16": {
        "precision": 0.9473684210526315,
        "recall": 0.9,
        "f1-score": 0.9230769230769231,
        "support": 20.0
    },
    "17": {
        "precision": 0.9444444444444444,
        "recall": 0.85,
        "f1-score": 0.8947368421052632,
        "support": 20.0
    },
    "18": {
        "precision": 0.8,
        "recall": 0.8,
        "f1-score": 0.8,
        "support": 20.0
    },
    "19": {
        "precision": 0.75,
        "recall": 0.6,
        "f1-score": 0.6666666666666666,
        "support": 20.0
    },
    "20": {
        "precision": 0.75,
        "recall": 0.7894736842105263,
        "f1-score": 0.7692307692307693,
        "support": 19.0
    },
    "21": {
        "precision": 0.7272727272727273,
        "recall": 0.8,
        "f1-score": 0.7619047619047619,
        "support": 20.0
    },
    "22": {
        "precision": 0.782608695652174,
        "recall": 0.9,
        "f1-score": 0.8372093023255814,
        "support": 20.0
    },
    "23": {
        "precision": 0.8571428571428571,
        "recall": 0.9,
        "f1-score": 0.8780487804878049,
        "support": 20.0
    },
    "24": {
        "precision": 0.7777777777777778,
        "recall": 0.7,
        "f1-score": 0.7368421052631579,
        "support": 20.0
    },
    "25": {
        "precision": 0.9444444444444444,
        "recall": 0.85,
        "f1-score": 0.8947368421052632,
        "support": 20.0
    },
    "26": {
        "precision": 0.7619047619047619,
        "recall": 0.8,
        "f1-score": 0.7804878048780488,
        "support": 20.0
    },
    "27": {
        "precision": 0.7647058823529411,
        "recall": 0.65,
        "f1-score": 0.7027027027027027,
        "support": 20.0
    },
    "28": {
        "precision": 0.8571428571428571,
        "recall": 0.9,
        "f1-score": 0.8780487804878049,
        "support": 20.0
    },
    "29": {
        "precision": 0.7894736842105263,
        "recall": 0.75,
        "f1-score": 0.7692307692307693,
        "support": 20.0
    },
    "30": {
        "precision": 0.75,
        "recall": 0.75,
        "f1-score": 0.75,
        "support": 20.0
    },
    "31": {
        "precision": 0.6363636363636364,
        "recall": 0.7,
        "f1-score": 0.6666666666666666,
        "support": 20.0
    },
    "32": {
        "precision": 0.9473684210526315,
        "recall": 0.9,
        "f1-score": 0.9230769230769231,
        "support": 20.0
    },
    "33": {
        "precision": 0.6190476190476191,
        "recall": 0.65,
        "f1-score": 0.6341463414634146,
        "support": 20.0
    },
    "34": {
        "precision": 0.9444444444444444,
        "recall": 0.85,
        "f1-score": 0.8947368421052632,
        "support": 20.0
    },
    "35": {
        "precision": 0.7619047619047619,
        "recall": 0.8,
        "f1-score": 0.7804878048780488,
        "support": 20.0
    },
    "36": {
        "precision": 1.0,
        "recall": 0.95,
        "f1-score": 0.9743589743589743,
        "support": 20.0
    },
    "37": {
        "precision": 0.8571428571428571,
        "recall": 0.9,
        "f1-score": 0.8780487804878049,
        "support": 20.0
    },
    "38": {
        "precision": 0.8947368421052632,
        "recall": 0.85,
        "f1-score": 0.8717948717948718,
        "support": 20.0
    },
    "39": {
        "precision": 0.8181818181818182,
        "recall": 0.9,
        "f1-score": 0.8571428571428571,
        "support": 20.0
    },
    "40": {
        "precision": 0.68,
        "recall": 0.85,
        "f1-score": 0.7555555555555555,
        "support": 20.0
    },
    "41": {
        "precision": 1.0,
        "recall": 0.65,
        "f1-score": 0.7878787878787878,
        "support": 20.0
    },
    "42": {
        "precision": 0.6666666666666666,
        "recall": 0.5,
        "f1-score": 0.5714285714285714,
        "support": 20.0
    },
    "43": {
        "precision": 0.6333333333333333,
        "recall": 0.95,
        "f1-score": 0.76,
        "support": 20.0
    },
    "44": {
        "precision": 0.7894736842105263,
        "recall": 0.75,
        "f1-score": 0.7692307692307693,
        "support": 20.0
    },
    "45": {
        "precision": 0.9411764705882353,
        "recall": 0.8,
        "f1-score": 0.8648648648648649,
        "support": 20.0
    },
    "46": {
        "precision": 1.0,
        "recall": 0.75,
        "f1-score": 0.8571428571428571,
        "support": 20.0
    },
    "47": {
        "precision": 0.8947368421052632,
        "recall": 0.85,
        "f1-score": 0.8717948717948718,
        "support": 20.0
    },
    "48": {
        "precision": 0.9090909090909091,
        "recall": 1.0,
        "f1-score": 0.9523809523809523,
        "support": 20.0
    },
    "49": {
        "precision": 0.8947368421052632,
        "recall": 0.85,
        "f1-score": 0.8717948717948718,
        "support": 20.0
    },
    "50": {
        "precision": 0.7391304347826086,
        "recall": 0.8947368421052632,
        "f1-score": 0.8095238095238095,
        "support": 19.0
    },
    "51": {
        "precision": 1.0,
        "recall": 0.7368421052631579,
        "f1-score": 0.8484848484848485,
        "support": 19.0
    },
    "52": {
        "precision": 0.8823529411764706,
        "recall": 0.75,
        "f1-score": 0.8108108108108109,
        "support": 20.0
    },
    "53": {
        "precision": 0.72,
        "recall": 0.9,
        "f1-score": 0.8,
        "support": 20.0
    },
    "54": {
        "precision": 0.85,
        "recall": 0.85,
        "f1-score": 0.85,
        "support": 20.0
    },
    "55": {
        "precision": 0.8823529411764706,
        "recall": 0.75,
        "f1-score": 0.8108108108108109,
        "support": 20.0
    },